"model_name","color","image_front_filename","image_back_filename","image_side_filename","image_front_url","image_back_url","image_side_url","status","notes"
"iPhone 17e","Black","iphone-17e-black-front.webp","iphone-17e-black-back.webp","iphone-17e-black-side.webp","","","","pending","Preferred WebP, square 1000x1000 or 1200x1200, centered product, transparent or very light background."
"iPhone 17e","White","iphone-17e-white-front.webp","iphone-17e-white-back.webp","iphone-17e-white-side.webp","","","","pending","Preferred WebP, square 1000x1000 or 1200x1200, centered product, transparent or very light background."
"iPhone 17e","Soft Pink","iphone-17e-soft-pink-front.webp","iphone-17e-soft-pink-back.webp","iphone-17e-soft-pink-side.webp","","","","pending","Preferred WebP, square 1000x1000 or 1200x1200, centered product, transparent or very light background."
"iPhone 17 Pro Max","Silver","iphone-17-pro-max-silver-front.webp","iphone-17-pro-max-silver-back.webp","iphone-17-pro-max-silver-side.webp","","","","pending","Preferred WebP, square 1000x1000 or 1200x1200, centered product, transparent or very light background."
"iPhone 17 Pro Max","Cosmic Orange","iphone-17-pro-max-cosmic-orange-front.webp","iphone-17-pro-max-cosmic-orange-back.webp","iphone-17-pro-max-cosmic-orange-side.webp","","","","pending","Preferred WebP, square 1000x1000 or 1200x1200, centered product, transparent or very light background."
"iPhone 17 Pro Max","Deep Blue","iphone-17-pro-max-deep-blue-front.webp","iphone-17-pro-max-deep-blue-back.webp","iphone-17-pro-max-deep-blue-side.webp","","","","pending","Preferred WebP, square 1000x1000 or 1200x1200, centered product, transparent or very light background."
"iPhone 17 Pro","Silver","iphone-17-pro-silver-front.webp","iphone-17-pro-silver-back.webp","iphone-17-pro-silver-side.webp","","","","pending","Preferred WebP, square 1000x1000 or 1200x1200, centered product, transparent or very light background."
"iPhone 17 Pro","Cosmic Orange","iphone-17-pro-cosmic-orange-front.webp","iphone-17-pro-cosmic-orange-back.webp","iphone-17-pro-cosmic-orange-side.webp","","","","pending","Preferred WebP, square 1000x1000 or 1200x1200, centered product, transparent or very light background."
"iPhone 17 Pro","Deep Blue","iphone-17-pro-deep-blue-front.webp","iphone-17-pro-deep-blue-back.webp","iphone-17-pro-deep-blue-side.webp","","","","pending","Preferred WebP, square 1000x1000 or 1200x1200, centered product, transparent or very light background."
"iPhone Air","Space Black","iphone-air-space-black-front.webp","iphone-air-space-black-back.webp","iphone-air-space-black-side.webp","","","","pending","Preferred WebP, square 1000x1000 or 1200x1200, centered product, transparent or very light background."
"iPhone Air","Cloud White","iphone-air-cloud-white-front.webp","iphone-air-cloud-white-back.webp","iphone-air-cloud-white-side.webp","","","","pending","Preferred WebP, square 1000x1000 or 1200x1200, centered product, transparent or very light background."
"iPhone Air","Light Gold","iphone-air-light-gold-front.webp","iphone-air-light-gold-back.webp","iphone-air-light-gold-side.webp","","","","pending","Preferred WebP, square 1000x1000 or 1200x1200, centered product, transparent or very light background."
"iPhone Air","Sky Blue","iphone-air-sky-blue-front.webp","iphone-air-sky-blue-back.webp","iphone-air-sky-blue-side.webp","","","","pending","Preferred WebP, square 1000x1000 or 1200x1200, centered product, transparent or very light background."
"iPhone 17","Black","iphone-17-black-front.webp","iphone-17-black-back.webp","iphone-17-black-side.webp","","","","pending","Preferred WebP, square 1000x1000 or 1200x1200, centered product, transparent or very light background."
"iPhone 17","White","iphone-17-white-front.webp","iphone-17-white-back.webp","iphone-17-white-side.webp","","","","pending","Preferred WebP, square 1000x1000 or 1200x1200, centered product, transparent or very light background."
"iPhone 17","Mist Blue","iphone-17-mist-blue-front.webp","iphone-17-mist-blue-back.webp","iphone-17-mist-blue-side.webp","","","","pending","Preferred WebP, square 1000x1000 or 1200x1200, centered product, transparent or very light background."
"iPhone 17","Sage","iphone-17-sage-front.webp","iphone-17-sage-back.webp","iphone-17-sage-side.webp","","","","pending","Preferred WebP, square 1000x1000 or 1200x1200, centered product, transparent or very light background."
"iPhone 17","Lavender","iphone-17-lavender-front.webp","iphone-17-lavender-back.webp","iphone-17-lavender-side.webp","","","","pending","Preferred WebP, square 1000x1000 or 1200x1200, centered product, transparent or very light background."
"iPhone 16e","Black","iphone-16e-black-front.webp","iphone-16e-black-back.webp","iphone-16e-black-side.webp","","","","pending","Preferred WebP, square 1000x1000 or 1200x1200, centered product, transparent or very light background."
"iPhone 16e","White","iphone-16e-white-front.webp","iphone-16e-white-back.webp","iphone-16e-white-side.webp","","","","pending","Preferred WebP, square 1000x1000 or 1200x1200, centered product, transparent or very light background."
"iPhone 16 Pro Max","Black Titanium","iphone-16-pro-max-black-titanium-front.webp","iphone-16-pro-max-black-titanium-back.webp","iphone-16-pro-max-black-titanium-side.webp","","","","pending","Preferred WebP, square 1000x1000 or 1200x1200, centered product, transparent or very light background."
"iPhone 16 Pro Max","White Titanium","iphone-16-pro-max-white-titanium-front.webp","iphone-16-pro-max-white-titanium-back.webp","iphone-16-pro-max-white-titanium-side.webp","","","","pending","Preferred WebP, square 1000x1000 or 1200x1200, centered product, transparent or very light background."
"iPhone 16 Pro Max","Natural Titanium","iphone-16-pro-max-natural-titanium-front.webp","iphone-16-pro-max-natural-titanium-back.webp","iphone-16-pro-max-natural-titanium-side.webp","","","","pending","Preferred WebP, square 1000x1000 or 1200x1200, centered product, transparent or very light background."
"iPhone 16 Pro Max","Desert Titanium","iphone-16-pro-max-desert-titanium-front.webp","iphone-16-pro-max-desert-titanium-back.webp","iphone-16-pro-max-desert-titanium-side.webp","","","","pending","Preferred WebP, square 1000x1000 or 1200x1200, centered product, transparent or very light background."
"iPhone 16 Pro","Black Titanium","iphone-16-pro-black-titanium-front.webp","iphone-16-pro-black-titanium-back.webp","iphone-16-pro-black-titanium-side.webp","","","","pending","Preferred WebP, square 1000x1000 or 1200x1200, centered product, transparent or very light background."
"iPhone 16 Pro","White Titanium","iphone-16-pro-white-titanium-front.webp","iphone-16-pro-white-titanium-back.webp","iphone-16-pro-white-titanium-side.webp","","","","pending","Preferred WebP, square 1000x1000 or 1200x1200, centered product, transparent or very light background."
"iPhone 16 Pro","Natural Titanium","iphone-16-pro-natural-titanium-front.webp","iphone-16-pro-natural-titanium-back.webp","iphone-16-pro-natural-titanium-side.webp","","","","pending","Preferred WebP, square 1000x1000 or 1200x1200, centered product, transparent or very light background."
"iPhone 16 Pro","Desert Titanium","iphone-16-pro-desert-titanium-front.webp","iphone-16-pro-desert-titanium-back.webp","iphone-16-pro-desert-titanium-side.webp","","","","pending","Preferred WebP, square 1000x1000 or 1200x1200, centered product, transparent or very light background."
"iPhone 16 Plus","Black","iphone-16-plus-black-front.webp","iphone-16-plus-black-back.webp","iphone-16-plus-black-side.webp","","","","pending","Preferred WebP, square 1000x1000 or 1200x1200, centered product, transparent or very light background."
"iPhone 16 Plus","White","iphone-16-plus-white-front.webp","iphone-16-plus-white-back.webp","iphone-16-plus-white-side.webp","","","","pending","Preferred WebP, square 1000x1000 or 1200x1200, centered product, transparent or very light background."
"iPhone 16 Plus","Pink","iphone-16-plus-pink-front.webp","iphone-16-plus-pink-back.webp","iphone-16-plus-pink-side.webp","","","","pending","Preferred WebP, square 1000x1000 or 1200x1200, centered product, transparent or very light background."
"iPhone 16 Plus","Teal","iphone-16-plus-teal-front.webp","iphone-16-plus-teal-back.webp","iphone-16-plus-teal-side.webp","","","","pending","Preferred WebP, square 1000x1000 or 1200x1200, centered product, transparent or very light background."
"iPhone 16 Plus","Ultramarine","iphone-16-plus-ultramarine-front.webp","iphone-16-plus-ultramarine-back.webp","iphone-16-plus-ultramarine-side.webp","","","","pending","Preferred WebP, square 1000x1000 or 1200x1200, centered product, transparent or very light background."
"iPhone 16","Black","iphone-16-black-front.webp","iphone-16-black-back.webp","iphone-16-black-side.webp","","","","pending","Preferred WebP, square 1000x1000 or 1200x1200, centered product, transparent or very light background."
"iPhone 16","White","iphone-16-white-front.webp","iphone-16-white-back.webp","iphone-16-white-side.webp","","","","pending","Preferred WebP, square 1000x1000 or 1200x1200, centered product, transparent or very light background."
"iPhone 16","Pink","iphone-16-pink-front.webp","iphone-16-pink-back.webp","iphone-16-pink-side.webp","","","","pending","Preferred WebP, square 1000x1000 or 1200x1200, centered product, transparent or very light background."
"iPhone 16","Teal","iphone-16-teal-front.webp","iphone-16-teal-back.webp","iphone-16-teal-side.webp","","","","pending","Preferred WebP, square 1000x1000 or 1200x1200, centered product, transparent or very light background."
"iPhone 16","Ultramarine","iphone-16-ultramarine-front.webp","iphone-16-ultramarine-back.webp","iphone-16-ultramarine-side.webp","","","","pending","Preferred WebP, square 1000x1000 or 1200x1200, centered product, transparent or very light background."
"iPhone 15 Pro Max","Black Titanium","iphone-15-pro-max-black-titanium-front.webp","iphone-15-pro-max-black-titanium-back.webp","iphone-15-pro-max-black-titanium-side.webp","","","","pending","Preferred WebP, square 1000x1000 or 1200x1200, centered product, transparent or very light background."
"iPhone 15 Pro Max","White Titanium","iphone-15-pro-max-white-titanium-front.webp","iphone-15-pro-max-white-titanium-back.webp","iphone-15-pro-max-white-titanium-side.webp","","","","pending","Preferred WebP, square 1000x1000 or 1200x1200, centered product, transparent or very light background."
"iPhone 15 Pro Max","Blue Titanium","iphone-15-pro-max-blue-titanium-front.webp","iphone-15-pro-max-blue-titanium-back.webp","iphone-15-pro-max-blue-titanium-side.webp","","","","pending","Preferred WebP, square 1000x1000 or 1200x1200, centered product, transparent or very light background."
"iPhone 15 Pro Max","Natural Titanium","iphone-15-pro-max-natural-titanium-front.webp","iphone-15-pro-max-natural-titanium-back.webp","iphone-15-pro-max-natural-titanium-side.webp","","","","pending","Preferred WebP, square 1000x1000 or 1200x1200, centered product, transparent or very light background."
"iPhone 15 Pro","Black Titanium","iphone-15-pro-black-titanium-front.webp","iphone-15-pro-black-titanium-back.webp","iphone-15-pro-black-titanium-side.webp","","","","pending","Preferred WebP, square 1000x1000 or 1200x1200, centered product, transparent or very light background."
"iPhone 15 Pro","White Titanium","iphone-15-pro-white-titanium-front.webp","iphone-15-pro-white-titanium-back.webp","iphone-15-pro-white-titanium-side.webp","","","","pending","Preferred WebP, square 1000x1000 or 1200x1200, centered product, transparent or very light background."
"iPhone 15 Pro","Blue Titanium","iphone-15-pro-blue-titanium-front.webp","iphone-15-pro-blue-titanium-back.webp","iphone-15-pro-blue-titanium-side.webp","","","","pending","Preferred WebP, square 1000x1000 or 1200x1200, centered product, transparent or very light background."
"iPhone 15 Pro","Natural Titanium","iphone-15-pro-natural-titanium-front.webp","iphone-15-pro-natural-titanium-back.webp","iphone-15-pro-natural-titanium-side.webp","","","","pending","Preferred WebP, square 1000x1000 or 1200x1200, centered product, transparent or very light background."
"iPhone 15 Plus","Black","iphone-15-plus-black-front.webp","iphone-15-plus-black-back.webp","iphone-15-plus-black-side.webp","","","","pending","Preferred WebP, square 1000x1000 or 1200x1200, centered product, transparent or very light background."
"iPhone 15 Plus","Blue","iphone-15-plus-blue-front.webp","iphone-15-plus-blue-back.webp","iphone-15-plus-blue-side.webp","","","","pending","Preferred WebP, square 1000x1000 or 1200x1200, centered product, transparent or very light background."
"iPhone 15 Plus","Green","iphone-15-plus-green-front.webp","iphone-15-plus-green-back.webp","iphone-15-plus-green-side.webp","","","","pending","Preferred WebP, square 1000x1000 or 1200x1200, centered product, transparent or very light background."
"iPhone 15 Plus","Yellow","iphone-15-plus-yellow-front.webp","iphone-15-plus-yellow-back.webp","iphone-15-plus-yellow-side.webp","","","","pending","Preferred WebP, square 1000x1000 or 1200x1200, centered product, transparent or very light background."
"iPhone 15 Plus","Pink","iphone-15-plus-pink-front.webp","iphone-15-plus-pink-back.webp","iphone-15-plus-pink-side.webp","","","","pending","Preferred WebP, square 1000x1000 or 1200x1200, centered product, transparent or very light background."
"iPhone 15","Black","iphone-15-black-front.webp","iphone-15-black-back.webp","iphone-15-black-side.webp","","","","pending","Preferred WebP, square 1000x1000 or 1200x1200, centered product, transparent or very light background."
"iPhone 15","Blue","iphone-15-blue-front.webp","iphone-15-blue-back.webp","iphone-15-blue-side.webp","","","","pending","Preferred WebP, square 1000x1000 or 1200x1200, centered product, transparent or very light background."
"iPhone 15","Green","iphone-15-green-front.webp","iphone-15-green-back.webp","iphone-15-green-side.webp","","","","pending","Preferred WebP, square 1000x1000 or 1200x1200, centered product, transparent or very light background."
"iPhone 15","Yellow","iphone-15-yellow-front.webp","iphone-15-yellow-back.webp","iphone-15-yellow-side.webp","","","","pending","Preferred WebP, square 1000x1000 or 1200x1200, centered product, transparent or very light background."
"iPhone 15","Pink","iphone-15-pink-front.webp","iphone-15-pink-back.webp","iphone-15-pink-side.webp","","","","pending","Preferred WebP, square 1000x1000 or 1200x1200, centered product, transparent or very light background."
"iPhone 14 Pro Max","Space Black","iphone-14-pro-max-space-black-front.webp","iphone-14-pro-max-space-black-back.webp","iphone-14-pro-max-space-black-side.webp","","","","pending","Preferred WebP, square 1000x1000 or 1200x1200, centered product, transparent or very light background."
"iPhone 14 Pro Max","Silver","iphone-14-pro-max-silver-front.webp","iphone-14-pro-max-silver-back.webp","iphone-14-pro-max-silver-side.webp","","","","pending","Preferred WebP, square 1000x1000 or 1200x1200, centered product, transparent or very light background."
"iPhone 14 Pro Max","Gold","iphone-14-pro-max-gold-front.webp","iphone-14-pro-max-gold-back.webp","iphone-14-pro-max-gold-side.webp","","","","pending","Preferred WebP, square 1000x1000 or 1200x1200, centered product, transparent or very light background."
"iPhone 14 Pro Max","Deep Purple","iphone-14-pro-max-deep-purple-front.webp","iphone-14-pro-max-deep-purple-back.webp","iphone-14-pro-max-deep-purple-side.webp","","","","pending","Preferred WebP, square 1000x1000 or 1200x1200, centered product, transparent or very light background."
"iPhone 14 Pro","Space Black","iphone-14-pro-space-black-front.webp","iphone-14-pro-space-black-back.webp","iphone-14-pro-space-black-side.webp","","","","pending","Preferred WebP, square 1000x1000 or 1200x1200, centered product, transparent or very light background."
"iPhone 14 Pro","Silver","iphone-14-pro-silver-front.webp","iphone-14-pro-silver-back.webp","iphone-14-pro-silver-side.webp","","","","pending","Preferred WebP, square 1000x1000 or 1200x1200, centered product, transparent or very light background."
"iPhone 14 Pro","Gold","iphone-14-pro-gold-front.webp","iphone-14-pro-gold-back.webp","iphone-14-pro-gold-side.webp","","","","pending","Preferred WebP, square 1000x1000 or 1200x1200, centered product, transparent or very light background."
"iPhone 14 Pro","Deep Purple","iphone-14-pro-deep-purple-front.webp","iphone-14-pro-deep-purple-back.webp","iphone-14-pro-deep-purple-side.webp","","","","pending","Preferred WebP, square 1000x1000 or 1200x1200, centered product, transparent or very light background."
"iPhone 14 Plus","Midnight","iphone-14-plus-midnight-front.webp","iphone-14-plus-midnight-back.webp","iphone-14-plus-midnight-side.webp","","","","pending","Preferred WebP, square 1000x1000 or 1200x1200, centered product, transparent or very light background."
"iPhone 14 Plus","Starlight","iphone-14-plus-starlight-front.webp","iphone-14-plus-starlight-back.webp","iphone-14-plus-starlight-side.webp","","","","pending","Preferred WebP, square 1000x1000 or 1200x1200, centered product, transparent or very light background."
"iPhone 14 Plus","Blue","iphone-14-plus-blue-front.webp","iphone-14-plus-blue-back.webp","iphone-14-plus-blue-side.webp","","","","pending","Preferred WebP, square 1000x1000 or 1200x1200, centered product, transparent or very light background."
"iPhone 14 Plus","Purple","iphone-14-plus-purple-front.webp","iphone-14-plus-purple-back.webp","iphone-14-plus-purple-side.webp","","","","pending","Preferred WebP, square 1000x1000 or 1200x1200, centered product, transparent or very light background."
"iPhone 14 Plus","Yellow","iphone-14-plus-yellow-front.webp","iphone-14-plus-yellow-back.webp","iphone-14-plus-yellow-side.webp","","","","pending","Preferred WebP, square 1000x1000 or 1200x1200, centered product, transparent or very light background."
"iPhone 14 Plus","(PRODUCT)RED","iphone-14-plus-productred-front.webp","iphone-14-plus-productred-back.webp","iphone-14-plus-productred-side.webp","","","","pending","Preferred WebP, square 1000x1000 or 1200x1200, centered product, transparent or very light background."
"iPhone 14","Midnight","iphone-14-midnight-front.webp","iphone-14-midnight-back.webp","iphone-14-midnight-side.webp","","","","pending","Preferred WebP, square 1000x1000 or 1200x1200, centered product, transparent or very light background."
"iPhone 14","Starlight","iphone-14-starlight-front.webp","iphone-14-starlight-back.webp","iphone-14-starlight-side.webp","","","","pending","Preferred WebP, square 1000x1000 or 1200x1200, centered product, transparent or very light background."
"iPhone 14","Blue","iphone-14-blue-front.webp","iphone-14-blue-back.webp","iphone-14-blue-side.webp","","","","pending","Preferred WebP, square 1000x1000 or 1200x1200, centered product, transparent or very light background."
"iPhone 14","Purple","iphone-14-purple-front.webp","iphone-14-purple-back.webp","iphone-14-purple-side.webp","","","","pending","Preferred WebP, square 1000x1000 or 1200x1200, centered product, transparent or very light background."
"iPhone 14","Yellow","iphone-14-yellow-front.webp","iphone-14-yellow-back.webp","iphone-14-yellow-side.webp","","","","pending","Preferred WebP, square 1000x1000 or 1200x1200, centered product, transparent or very light background."
"iPhone 14","(PRODUCT)RED","iphone-14-productred-front.webp","iphone-14-productred-back.webp","iphone-14-productred-side.webp","","","","pending","Preferred WebP, square 1000x1000 or 1200x1200, centered product, transparent or very light background."
"iPhone SE (3rd generation)","Midnight","iphone-se-3rd-generation-midnight-front.webp","iphone-se-3rd-generation-midnight-back.webp","iphone-se-3rd-generation-midnight-side.webp","","","","pending","Preferred WebP, square 1000x1000 or 1200x1200, centered product, transparent or very light background."
"iPhone SE (3rd generation)","Starlight","iphone-se-3rd-generation-starlight-front.webp","iphone-se-3rd-generation-starlight-back.webp","iphone-se-3rd-generation-starlight-side.webp","","","","pending","Preferred WebP, square 1000x1000 or 1200x1200, centered product, transparent or very light background."
"iPhone SE (3rd generation)","(PRODUCT)RED","iphone-se-3rd-generation-productred-front.webp","iphone-se-3rd-generation-productred-back.webp","iphone-se-3rd-generation-productred-side.webp","","","","pending","Preferred WebP, square 1000x1000 or 1200x1200, centered product, transparent or very light background."
"iPhone 13 Pro Max","Graphite","iphone-13-pro-max-graphite-front.webp","iphone-13-pro-max-graphite-back.webp","iphone-13-pro-max-graphite-side.webp","","","","pending","Preferred WebP, square 1000x1000 or 1200x1200, centered product, transparent or very light background."
"iPhone 13 Pro Max","Gold","iphone-13-pro-max-gold-front.webp","iphone-13-pro-max-gold-back.webp","iphone-13-pro-max-gold-side.webp","","","","pending","Preferred WebP, square 1000x1000 or 1200x1200, centered product, transparent or very light background."
"iPhone 13 Pro Max","Silver","iphone-13-pro-max-silver-front.webp","iphone-13-pro-max-silver-back.webp","iphone-13-pro-max-silver-side.webp","","","","pending","Preferred WebP, square 1000x1000 or 1200x1200, centered product, transparent or very light background."
"iPhone 13 Pro Max","Sierra Blue","iphone-13-pro-max-sierra-blue-front.webp","iphone-13-pro-max-sierra-blue-back.webp","iphone-13-pro-max-sierra-blue-side.webp","","","","pending","Preferred WebP, square 1000x1000 or 1200x1200, centered product, transparent or very light background."
"iPhone 13 Pro Max","Alpine Green","iphone-13-pro-max-alpine-green-front.webp","iphone-13-pro-max-alpine-green-back.webp","iphone-13-pro-max-alpine-green-side.webp","","","","pending","Preferred WebP, square 1000x1000 or 1200x1200, centered product, transparent or very light background."
"iPhone 13 Pro","Graphite","iphone-13-pro-graphite-front.webp","iphone-13-pro-graphite-back.webp","iphone-13-pro-graphite-side.webp","","","","pending","Preferred WebP, square 1000x1000 or 1200x1200, centered product, transparent or very light background."
"iPhone 13 Pro","Gold","iphone-13-pro-gold-front.webp","iphone-13-pro-gold-back.webp","iphone-13-pro-gold-side.webp","","","","pending","Preferred WebP, square 1000x1000 or 1200x1200, centered product, transparent or very light background."
"iPhone 13 Pro","Silver","iphone-13-pro-silver-front.webp","iphone-13-pro-silver-back.webp","iphone-13-pro-silver-side.webp","","","","pending","Preferred WebP, square 1000x1000 or 1200x1200, centered product, transparent or very light background."
"iPhone 13 Pro","Sierra Blue","iphone-13-pro-sierra-blue-front.webp","iphone-13-pro-sierra-blue-back.webp","iphone-13-pro-sierra-blue-side.webp","","","","pending","Preferred WebP, square 1000x1000 or 1200x1200, centered product, transparent or very light background."
"iPhone 13 Pro","Alpine Green","iphone-13-pro-alpine-green-front.webp","iphone-13-pro-alpine-green-back.webp","iphone-13-pro-alpine-green-side.webp","","","","pending","Preferred WebP, square 1000x1000 or 1200x1200, centered product, transparent or very light background."
"iPhone 13","Pink","iphone-13-pink-front.webp","iphone-13-pink-back.webp","iphone-13-pink-side.webp","","","","pending","Preferred WebP, square 1000x1000 or 1200x1200, centered product, transparent or very light background."
"iPhone 13","Blue","iphone-13-blue-front.webp","iphone-13-blue-back.webp","iphone-13-blue-side.webp","","","","pending","Preferred WebP, square 1000x1000 or 1200x1200, centered product, transparent or very light background."
"iPhone 13","Midnight","iphone-13-midnight-front.webp","iphone-13-midnight-back.webp","iphone-13-midnight-side.webp","","","","pending","Preferred WebP, square 1000x1000 or 1200x1200, centered product, transparent or very light background."
"iPhone 13","Starlight","iphone-13-starlight-front.webp","iphone-13-starlight-back.webp","iphone-13-starlight-side.webp","","","","pending","Preferred WebP, square 1000x1000 or 1200x1200, centered product, transparent or very light background."
"iPhone 13","Green","iphone-13-green-front.webp","iphone-13-green-back.webp","iphone-13-green-side.webp","","","","pending","Preferred WebP, square 1000x1000 or 1200x1200, centered product, transparent or very light background."
"iPhone 13","(PRODUCT)RED","iphone-13-productred-front.webp","iphone-13-productred-back.webp","iphone-13-productred-side.webp","","","","pending","Preferred WebP, square 1000x1000 or 1200x1200, centered product, transparent or very light background."
"iPhone 13 mini","Pink","iphone-13-mini-pink-front.webp","iphone-13-mini-pink-back.webp","iphone-13-mini-pink-side.webp","","","","pending","Preferred WebP, square 1000x1000 or 1200x1200, centered product, transparent or very light background."
"iPhone 13 mini","Blue","iphone-13-mini-blue-front.webp","iphone-13-mini-blue-back.webp","iphone-13-mini-blue-side.webp","","","","pending","Preferred WebP, square 1000x1000 or 1200x1200, centered product, transparent or very light background."
"iPhone 13 mini","Midnight","iphone-13-mini-midnight-front.webp","iphone-13-mini-midnight-back.webp","iphone-13-mini-midnight-side.webp","","","","pending","Preferred WebP, square 1000x1000 or 1200x1200, centered product, transparent or very light background."
"iPhone 13 mini","Starlight","iphone-13-mini-starlight-front.webp","iphone-13-mini-starlight-back.webp","iphone-13-mini-starlight-side.webp","","","","pending","Preferred WebP, square 1000x1000 or 1200x1200, centered product, transparent or very light background."
"iPhone 13 mini","Green","iphone-13-mini-green-front.webp","iphone-13-mini-green-back.webp","iphone-13-mini-green-side.webp","","","","pending","Preferred WebP, square 1000x1000 or 1200x1200, centered product, transparent or very light background."
"iPhone 13 mini","(PRODUCT)RED","iphone-13-mini-productred-front.webp","iphone-13-mini-productred-back.webp","iphone-13-mini-productred-side.webp","","","","pending","Preferred WebP, square 1000x1000 or 1200x1200, centered product, transparent or very light background."
"iPhone 12 Pro Max","Silver","iphone-12-pro-max-silver-front.webp","iphone-12-pro-max-silver-back.webp","iphone-12-pro-max-silver-side.webp","","","","pending","Preferred WebP, square 1000x1000 or 1200x1200, centered product, transparent or very light background."
"iPhone 12 Pro Max","Graphite","iphone-12-pro-max-graphite-front.webp","iphone-12-pro-max-graphite-back.webp","iphone-12-pro-max-graphite-side.webp","","","","pending","Preferred WebP, square 1000x1000 or 1200x1200, centered product, transparent or very light background."
"iPhone 12 Pro Max","Gold","iphone-12-pro-max-gold-front.webp","iphone-12-pro-max-gold-back.webp","iphone-12-pro-max-gold-side.webp","","","","pending","Preferred WebP, square 1000x1000 or 1200x1200, centered product, transparent or very light background."
"iPhone 12 Pro Max","Pacific Blue","iphone-12-pro-max-pacific-blue-front.webp","iphone-12-pro-max-pacific-blue-back.webp","iphone-12-pro-max-pacific-blue-side.webp","","","","pending","Preferred WebP, square 1000x1000 or 1200x1200, centered product, transparent or very light background."
"iPhone 12 Pro","Silver","iphone-12-pro-silver-front.webp","iphone-12-pro-silver-back.webp","iphone-12-pro-silver-side.webp","","","","pending","Preferred WebP, square 1000x1000 or 1200x1200, centered product, transparent or very light background."
"iPhone 12 Pro","Graphite","iphone-12-pro-graphite-front.webp","iphone-12-pro-graphite-back.webp","iphone-12-pro-graphite-side.webp","","","","pending","Preferred WebP, square 1000x1000 or 1200x1200, centered product, transparent or very light background."
"iPhone 12 Pro","Gold","iphone-12-pro-gold-front.webp","iphone-12-pro-gold-back.webp","iphone-12-pro-gold-side.webp","","","","pending","Preferred WebP, square 1000x1000 or 1200x1200, centered product, transparent or very light background."
"iPhone 12 Pro","Pacific Blue","iphone-12-pro-pacific-blue-front.webp","iphone-12-pro-pacific-blue-back.webp","iphone-12-pro-pacific-blue-side.webp","","","","pending","Preferred WebP, square 1000x1000 or 1200x1200, centered product, transparent or very light background."
"iPhone 12","Black","iphone-12-black-front.webp","iphone-12-black-back.webp","iphone-12-black-side.webp","","","","pending","Preferred WebP, square 1000x1000 or 1200x1200, centered product, transparent or very light background."
"iPhone 12","White","iphone-12-white-front.webp","iphone-12-white-back.webp","iphone-12-white-side.webp","","","","pending","Preferred WebP, square 1000x1000 or 1200x1200, centered product, transparent or very light background."
"iPhone 12","(PRODUCT)RED","iphone-12-productred-front.webp","iphone-12-productred-back.webp","iphone-12-productred-side.webp","","","","pending","Preferred WebP, square 1000x1000 or 1200x1200, centered product, transparent or very light background."
"iPhone 12","Green","iphone-12-green-front.webp","iphone-12-green-back.webp","iphone-12-green-side.webp","","","","pending","Preferred WebP, square 1000x1000 or 1200x1200, centered product, transparent or very light background."
"iPhone 12","Blue","iphone-12-blue-front.webp","iphone-12-blue-back.webp","iphone-12-blue-side.webp","","","","pending","Preferred WebP, square 1000x1000 or 1200x1200, centered product, transparent or very light background."
"iPhone 12","Purple","iphone-12-purple-front.webp","iphone-12-purple-back.webp","iphone-12-purple-side.webp","","","","pending","Preferred WebP, square 1000x1000 or 1200x1200, centered product, transparent or very light background."
"iPhone 12 mini","Black","iphone-12-mini-black-front.webp","iphone-12-mini-black-back.webp","iphone-12-mini-black-side.webp","","","","pending","Preferred WebP, square 1000x1000 or 1200x1200, centered product, transparent or very light background."
"iPhone 12 mini","White","iphone-12-mini-white-front.webp","iphone-12-mini-white-back.webp","iphone-12-mini-white-side.webp","","","","pending","Preferred WebP, square 1000x1000 or 1200x1200, centered product, transparent or very light background."
"iPhone 12 mini","(PRODUCT)RED","iphone-12-mini-productred-front.webp","iphone-12-mini-productred-back.webp","iphone-12-mini-productred-side.webp","","","","pending","Preferred WebP, square 1000x1000 or 1200x1200, centered product, transparent or very light background."
"iPhone 12 mini","Green","iphone-12-mini-green-front.webp","iphone-12-mini-green-back.webp","iphone-12-mini-green-side.webp","","","","pending","Preferred WebP, square 1000x1000 or 1200x1200, centered product, transparent or very light background."
"iPhone 12 mini","Blue","iphone-12-mini-blue-front.webp","iphone-12-mini-blue-back.webp","iphone-12-mini-blue-side.webp","","","","pending","Preferred WebP, square 1000x1000 or 1200x1200, centered product, transparent or very light background."
"iPhone 12 mini","Purple","iphone-12-mini-purple-front.webp","iphone-12-mini-purple-back.webp","iphone-12-mini-purple-side.webp","","","","pending","Preferred WebP, square 1000x1000 or 1200x1200, centered product, transparent or very light background."
"iPhone SE (2nd generation)","Black","iphone-se-2nd-generation-black-front.webp","iphone-se-2nd-generation-black-back.webp","iphone-se-2nd-generation-black-side.webp","","","","pending","Preferred WebP, square 1000x1000 or 1200x1200, centered product, transparent or very light background."
"iPhone SE (2nd generation)","White","iphone-se-2nd-generation-white-front.webp","iphone-se-2nd-generation-white-back.webp","iphone-se-2nd-generation-white-side.webp","","","","pending","Preferred WebP, square 1000x1000 or 1200x1200, centered product, transparent or very light background."
"iPhone SE (2nd generation)","(PRODUCT)RED","iphone-se-2nd-generation-productred-front.webp","iphone-se-2nd-generation-productred-back.webp","iphone-se-2nd-generation-productred-side.webp","","","","pending","Preferred WebP, square 1000x1000 or 1200x1200, centered product, transparent or very light background."
"iPhone 11 Pro Max","Space Gray","iphone-11-pro-max-space-gray-front.webp","iphone-11-pro-max-space-gray-back.webp","iphone-11-pro-max-space-gray-side.webp","","","","pending","Preferred WebP, square 1000x1000 or 1200x1200, centered product, transparent or very light background."
"iPhone 11 Pro Max","Silver","iphone-11-pro-max-silver-front.webp","iphone-11-pro-max-silver-back.webp","iphone-11-pro-max-silver-side.webp","","","","pending","Preferred WebP, square 1000x1000 or 1200x1200, centered product, transparent or very light background."
"iPhone 11 Pro Max","Gold","iphone-11-pro-max-gold-front.webp","iphone-11-pro-max-gold-back.webp","iphone-11-pro-max-gold-side.webp","","","","pending","Preferred WebP, square 1000x1000 or 1200x1200, centered product, transparent or very light background."
"iPhone 11 Pro Max","Midnight Green","iphone-11-pro-max-midnight-green-front.webp","iphone-11-pro-max-midnight-green-back.webp","iphone-11-pro-max-midnight-green-side.webp","","","","pending","Preferred WebP, square 1000x1000 or 1200x1200, centered product, transparent or very light background."
"iPhone 11 Pro","Space Gray","iphone-11-pro-space-gray-front.webp","iphone-11-pro-space-gray-back.webp","iphone-11-pro-space-gray-side.webp","","","","pending","Preferred WebP, square 1000x1000 or 1200x1200, centered product, transparent or very light background."
"iPhone 11 Pro","Silver","iphone-11-pro-silver-front.webp","iphone-11-pro-silver-back.webp","iphone-11-pro-silver-side.webp","","","","pending","Preferred WebP, square 1000x1000 or 1200x1200, centered product, transparent or very light background."
"iPhone 11 Pro","Gold","iphone-11-pro-gold-front.webp","iphone-11-pro-gold-back.webp","iphone-11-pro-gold-side.webp","","","","pending","Preferred WebP, square 1000x1000 or 1200x1200, centered product, transparent or very light background."
"iPhone 11 Pro","Midnight Green","iphone-11-pro-midnight-green-front.webp","iphone-11-pro-midnight-green-back.webp","iphone-11-pro-midnight-green-side.webp","","","","pending","Preferred WebP, square 1000x1000 or 1200x1200, centered product, transparent or very light background."
"iPhone 11","Black","iphone-11-black-front.webp","iphone-11-black-back.webp","iphone-11-black-side.webp","","","","pending","Preferred WebP, square 1000x1000 or 1200x1200, centered product, transparent or very light background."
"iPhone 11","Green","iphone-11-green-front.webp","iphone-11-green-back.webp","iphone-11-green-side.webp","","","","pending","Preferred WebP, square 1000x1000 or 1200x1200, centered product, transparent or very light background."
"iPhone 11","Yellow","iphone-11-yellow-front.webp","iphone-11-yellow-back.webp","iphone-11-yellow-side.webp","","","","pending","Preferred WebP, square 1000x1000 or 1200x1200, centered product, transparent or very light background."
"iPhone 11","Purple","iphone-11-purple-front.webp","iphone-11-purple-back.webp","iphone-11-purple-side.webp","","","","pending","Preferred WebP, square 1000x1000 or 1200x1200, centered product, transparent or very light background."
"iPhone 11","(PRODUCT)RED","iphone-11-productred-front.webp","iphone-11-productred-back.webp","iphone-11-productred-side.webp","","","","pending","Preferred WebP, square 1000x1000 or 1200x1200, centered product, transparent or very light background."
"iPhone 11","White","iphone-11-white-front.webp","iphone-11-white-back.webp","iphone-11-white-side.webp","","","","pending","Preferred WebP, square 1000x1000 or 1200x1200, centered product, transparent or very light background."
"iPhone XS Max","Silver","iphone-xs-max-silver-front.webp","iphone-xs-max-silver-back.webp","iphone-xs-max-silver-side.webp","","","","pending","Preferred WebP, square 1000x1000 or 1200x1200, centered product, transparent or very light background."
"iPhone XS Max","Space Gray","iphone-xs-max-space-gray-front.webp","iphone-xs-max-space-gray-back.webp","iphone-xs-max-space-gray-side.webp","","","","pending","Preferred WebP, square 1000x1000 or 1200x1200, centered product, transparent or very light background."
"iPhone XS Max","Gold","iphone-xs-max-gold-front.webp","iphone-xs-max-gold-back.webp","iphone-xs-max-gold-side.webp","","","","pending","Preferred WebP, square 1000x1000 or 1200x1200, centered product, transparent or very light background."
"iPhone XS","Silver","iphone-xs-silver-front.webp","iphone-xs-silver-back.webp","iphone-xs-silver-side.webp","","","","pending","Preferred WebP, square 1000x1000 or 1200x1200, centered product, transparent or very light background."
"iPhone XS","Space Gray","iphone-xs-space-gray-front.webp","iphone-xs-space-gray-back.webp","iphone-xs-space-gray-side.webp","","","","pending","Preferred WebP, square 1000x1000 or 1200x1200, centered product, transparent or very light background."
"iPhone XS","Gold","iphone-xs-gold-front.webp","iphone-xs-gold-back.webp","iphone-xs-gold-side.webp","","","","pending","Preferred WebP, square 1000x1000 or 1200x1200, centered product, transparent or very light background."
"iPhone XR","Black","iphone-xr-black-front.webp","iphone-xr-black-back.webp","iphone-xr-black-side.webp","","","","pending","Preferred WebP, square 1000x1000 or 1200x1200, centered product, transparent or very light background."
"iPhone XR","White","iphone-xr-white-front.webp","iphone-xr-white-back.webp","iphone-xr-white-side.webp","","","","pending","Preferred WebP, square 1000x1000 or 1200x1200, centered product, transparent or very light background."
"iPhone XR","Blue","iphone-xr-blue-front.webp","iphone-xr-blue-back.webp","iphone-xr-blue-side.webp","","","","pending","Preferred WebP, square 1000x1000 or 1200x1200, centered product, transparent or very light background."
"iPhone XR","Yellow","iphone-xr-yellow-front.webp","iphone-xr-yellow-back.webp","iphone-xr-yellow-side.webp","","","","pending","Preferred WebP, square 1000x1000 or 1200x1200, centered product, transparent or very light background."
"iPhone XR","Coral","iphone-xr-coral-front.webp","iphone-xr-coral-back.webp","iphone-xr-coral-side.webp","","","","pending","Preferred WebP, square 1000x1000 or 1200x1200, centered product, transparent or very light background."
"iPhone XR","(PRODUCT)RED","iphone-xr-productred-front.webp","iphone-xr-productred-back.webp","iphone-xr-productred-side.webp","","","","pending","Preferred WebP, square 1000x1000 or 1200x1200, centered product, transparent or very light background."
"iPhone X","Silver","iphone-x-silver-front.webp","iphone-x-silver-back.webp","iphone-x-silver-side.webp","","","","pending","Preferred WebP, square 1000x1000 or 1200x1200, centered product, transparent or very light background."
"iPhone X","Space Gray","iphone-x-space-gray-front.webp","iphone-x-space-gray-back.webp","iphone-x-space-gray-side.webp","","","","pending","Preferred WebP, square 1000x1000 or 1200x1200, centered product, transparent or very light background."
"iPhone 8 Plus","Gold","iphone-8-plus-gold-front.webp","iphone-8-plus-gold-back.webp","iphone-8-plus-gold-side.webp","","","","pending","Preferred WebP, square 1000x1000 or 1200x1200, centered product, transparent or very light background."
"iPhone 8 Plus","Silver","iphone-8-plus-silver-front.webp","iphone-8-plus-silver-back.webp","iphone-8-plus-silver-side.webp","","","","pending","Preferred WebP, square 1000x1000 or 1200x1200, centered product, transparent or very light background."
"iPhone 8 Plus","Space Gray","iphone-8-plus-space-gray-front.webp","iphone-8-plus-space-gray-back.webp","iphone-8-plus-space-gray-side.webp","","","","pending","Preferred WebP, square 1000x1000 or 1200x1200, centered product, transparent or very light background."
"iPhone 8 Plus","(PRODUCT)RED","iphone-8-plus-productred-front.webp","iphone-8-plus-productred-back.webp","iphone-8-plus-productred-side.webp","","","","pending","Preferred WebP, square 1000x1000 or 1200x1200, centered product, transparent or very light background."
"iPhone 8","Gold","iphone-8-gold-front.webp","iphone-8-gold-back.webp","iphone-8-gold-side.webp","","","","pending","Preferred WebP, square 1000x1000 or 1200x1200, centered product, transparent or very light background."
"iPhone 8","Silver","iphone-8-silver-front.webp","iphone-8-silver-back.webp","iphone-8-silver-side.webp","","","","pending","Preferred WebP, square 1000x1000 or 1200x1200, centered product, transparent or very light background."
"iPhone 8","Space Gray","iphone-8-space-gray-front.webp","iphone-8-space-gray-back.webp","iphone-8-space-gray-side.webp","","","","pending","Preferred WebP, square 1000x1000 or 1200x1200, centered product, transparent or very light background."
"iPhone 8","(PRODUCT)RED","iphone-8-productred-front.webp","iphone-8-productred-back.webp","iphone-8-productred-side.webp","","","","pending","Preferred WebP, square 1000x1000 or 1200x1200, centered product, transparent or very light background."
"iPhone 7 Plus","Rose Gold","iphone-7-plus-rose-gold-front.webp","iphone-7-plus-rose-gold-back.webp","iphone-7-plus-rose-gold-side.webp","","","","pending","Preferred WebP, square 1000x1000 or 1200x1200, centered product, transparent or very light background."
"iPhone 7 Plus","Gold","iphone-7-plus-gold-front.webp","iphone-7-plus-gold-back.webp","iphone-7-plus-gold-side.webp","","","","pending","Preferred WebP, square 1000x1000 or 1200x1200, centered product, transparent or very light background."
"iPhone 7 Plus","Silver","iphone-7-plus-silver-front.webp","iphone-7-plus-silver-back.webp","iphone-7-plus-silver-side.webp","","","","pending","Preferred WebP, square 1000x1000 or 1200x1200, centered product, transparent or very light background."
"iPhone 7 Plus","Black","iphone-7-plus-black-front.webp","iphone-7-plus-black-back.webp","iphone-7-plus-black-side.webp","","","","pending","Preferred WebP, square 1000x1000 or 1200x1200, centered product, transparent or very light background."
"iPhone 7 Plus","Jet Black","iphone-7-plus-jet-black-front.webp","iphone-7-plus-jet-black-back.webp","iphone-7-plus-jet-black-side.webp","","","","pending","Preferred WebP, square 1000x1000 or 1200x1200, centered product, transparent or very light background."
"iPhone 7 Plus","(PRODUCT)RED","iphone-7-plus-productred-front.webp","iphone-7-plus-productred-back.webp","iphone-7-plus-productred-side.webp","","","","pending","Preferred WebP, square 1000x1000 or 1200x1200, centered product, transparent or very light background."
"iPhone 7","Rose Gold","iphone-7-rose-gold-front.webp","iphone-7-rose-gold-back.webp","iphone-7-rose-gold-side.webp","","","","pending","Preferred WebP, square 1000x1000 or 1200x1200, centered product, transparent or very light background."
"iPhone 7","Gold","iphone-7-gold-front.webp","iphone-7-gold-back.webp","iphone-7-gold-side.webp","","","","pending","Preferred WebP, square 1000x1000 or 1200x1200, centered product, transparent or very light background."
"iPhone 7","Silver","iphone-7-silver-front.webp","iphone-7-silver-back.webp","iphone-7-silver-side.webp","","","","pending","Preferred WebP, square 1000x1000 or 1200x1200, centered product, transparent or very light background."
"iPhone 7","Black","iphone-7-black-front.webp","iphone-7-black-back.webp","iphone-7-black-side.webp","","","","pending","Preferred WebP, square 1000x1000 or 1200x1200, centered product, transparent or very light background."
"iPhone 7","Jet Black","iphone-7-jet-black-front.webp","iphone-7-jet-black-back.webp","iphone-7-jet-black-side.webp","","","","pending","Preferred WebP, square 1000x1000 or 1200x1200, centered product, transparent or very light background."
"iPhone 7","(PRODUCT)RED","iphone-7-productred-front.webp","iphone-7-productred-back.webp","iphone-7-productred-side.webp","","","","pending","Preferred WebP, square 1000x1000 or 1200x1200, centered product, transparent or very light background."
"iPhone SE (1st generation)","Silver","iphone-se-1st-generation-silver-front.webp","iphone-se-1st-generation-silver-back.webp","iphone-se-1st-generation-silver-side.webp","","","","pending","Preferred WebP, square 1000x1000 or 1200x1200, centered product, transparent or very light background."
"iPhone SE (1st generation)","Gold","iphone-se-1st-generation-gold-front.webp","iphone-se-1st-generation-gold-back.webp","iphone-se-1st-generation-gold-side.webp","","","","pending","Preferred WebP, square 1000x1000 or 1200x1200, centered product, transparent or very light background."
"iPhone SE (1st generation)","Space Gray","iphone-se-1st-generation-space-gray-front.webp","iphone-se-1st-generation-space-gray-back.webp","iphone-se-1st-generation-space-gray-side.webp","","","","pending","Preferred WebP, square 1000x1000 or 1200x1200, centered product, transparent or very light background."
"iPhone SE (1st generation)","Rose Gold","iphone-se-1st-generation-rose-gold-front.webp","iphone-se-1st-generation-rose-gold-back.webp","iphone-se-1st-generation-rose-gold-side.webp","","","","pending","Preferred WebP, square 1000x1000 or 1200x1200, centered product, transparent or very light background."
"iPhone 6s Plus","Silver","iphone-6s-plus-silver-front.webp","iphone-6s-plus-silver-back.webp","iphone-6s-plus-silver-side.webp","","","","pending","Preferred WebP, square 1000x1000 or 1200x1200, centered product, transparent or very light background."
"iPhone 6s Plus","Gold","iphone-6s-plus-gold-front.webp","iphone-6s-plus-gold-back.webp","iphone-6s-plus-gold-side.webp","","","","pending","Preferred WebP, square 1000x1000 or 1200x1200, centered product, transparent or very light background."
"iPhone 6s Plus","Space Gray","iphone-6s-plus-space-gray-front.webp","iphone-6s-plus-space-gray-back.webp","iphone-6s-plus-space-gray-side.webp","","","","pending","Preferred WebP, square 1000x1000 or 1200x1200, centered product, transparent or very light background."
"iPhone 6s Plus","Rose Gold","iphone-6s-plus-rose-gold-front.webp","iphone-6s-plus-rose-gold-back.webp","iphone-6s-plus-rose-gold-side.webp","","","","pending","Preferred WebP, square 1000x1000 or 1200x1200, centered product, transparent or very light background."
"iPhone 6s","Silver","iphone-6s-silver-front.webp","iphone-6s-silver-back.webp","iphone-6s-silver-side.webp","","","","pending","Preferred WebP, square 1000x1000 or 1200x1200, centered product, transparent or very light background."
"iPhone 6s","Gold","iphone-6s-gold-front.webp","iphone-6s-gold-back.webp","iphone-6s-gold-side.webp","","","","pending","Preferred WebP, square 1000x1000 or 1200x1200, centered product, transparent or very light background."
"iPhone 6s","Space Gray","iphone-6s-space-gray-front.webp","iphone-6s-space-gray-back.webp","iphone-6s-space-gray-side.webp","","","","pending","Preferred WebP, square 1000x1000 or 1200x1200, centered product, transparent or very light background."
"iPhone 6s","Rose Gold","iphone-6s-rose-gold-front.webp","iphone-6s-rose-gold-back.webp","iphone-6s-rose-gold-side.webp","","","","pending","Preferred WebP, square 1000x1000 or 1200x1200, centered product, transparent or very light background."
"iPhone 6 Plus","Silver","iphone-6-plus-silver-front.webp","iphone-6-plus-silver-back.webp","iphone-6-plus-silver-side.webp","","","","pending","Preferred WebP, square 1000x1000 or 1200x1200, centered product, transparent or very light background."
"iPhone 6 Plus","Gold","iphone-6-plus-gold-front.webp","iphone-6-plus-gold-back.webp","iphone-6-plus-gold-side.webp","","","","pending","Preferred WebP, square 1000x1000 or 1200x1200, centered product, transparent or very light background."
"iPhone 6 Plus","Space Gray","iphone-6-plus-space-gray-front.webp","iphone-6-plus-space-gray-back.webp","iphone-6-plus-space-gray-side.webp","","","","pending","Preferred WebP, square 1000x1000 or 1200x1200, centered product, transparent or very light background."
"iPhone 6","Silver","iphone-6-silver-front.webp","iphone-6-silver-back.webp","iphone-6-silver-side.webp","","","","pending","Preferred WebP, square 1000x1000 or 1200x1200, centered product, transparent or very light background."
"iPhone 6","Gold","iphone-6-gold-front.webp","iphone-6-gold-back.webp","iphone-6-gold-side.webp","","","","pending","Preferred WebP, square 1000x1000 or 1200x1200, centered product, transparent or very light background."
"iPhone 6","Space Gray","iphone-6-space-gray-front.webp","iphone-6-space-gray-back.webp","iphone-6-space-gray-side.webp","","","","pending","Preferred WebP, square 1000x1000 or 1200x1200, centered product, transparent or very light background."
"iPhone 5s","Space Gray","iphone-5s-space-gray-front.webp","iphone-5s-space-gray-back.webp","iphone-5s-space-gray-side.webp","","","","pending","Preferred WebP, square 1000x1000 or 1200x1200, centered product, transparent or very light background."
"iPhone 5s","Silver","iphone-5s-silver-front.webp","iphone-5s-silver-back.webp","iphone-5s-silver-side.webp","","","","pending","Preferred WebP, square 1000x1000 or 1200x1200, centered product, transparent or very light background."
"iPhone 5s","Gold","iphone-5s-gold-front.webp","iphone-5s-gold-back.webp","iphone-5s-gold-side.webp","","","","pending","Preferred WebP, square 1000x1000 or 1200x1200, centered product, transparent or very light background."
"iPhone 5c","White","iphone-5c-white-front.webp","iphone-5c-white-back.webp","iphone-5c-white-side.webp","","","","pending","Preferred WebP, square 1000x1000 or 1200x1200, centered product, transparent or very light background."
"iPhone 5c","Pink","iphone-5c-pink-front.webp","iphone-5c-pink-back.webp","iphone-5c-pink-side.webp","","","","pending","Preferred WebP, square 1000x1000 or 1200x1200, centered product, transparent or very light background."
"iPhone 5c","Yellow","iphone-5c-yellow-front.webp","iphone-5c-yellow-back.webp","iphone-5c-yellow-side.webp","","","","pending","Preferred WebP, square 1000x1000 or 1200x1200, centered product, transparent or very light background."
"iPhone 5c","Blue","iphone-5c-blue-front.webp","iphone-5c-blue-back.webp","iphone-5c-blue-side.webp","","","","pending","Preferred WebP, square 1000x1000 or 1200x1200, centered product, transparent or very light background."
"iPhone 5c","Green","iphone-5c-green-front.webp","iphone-5c-green-back.webp","iphone-5c-green-side.webp","","","","pending","Preferred WebP, square 1000x1000 or 1200x1200, centered product, transparent or very light background."
"iPhone 5","Black","iphone-5-black-front.webp","iphone-5-black-back.webp","iphone-5-black-side.webp","","","","pending","Preferred WebP, square 1000x1000 or 1200x1200, centered product, transparent or very light background."
"iPhone 5","White","iphone-5-white-front.webp","iphone-5-white-back.webp","iphone-5-white-side.webp","","","","pending","Preferred WebP, square 1000x1000 or 1200x1200, centered product, transparent or very light background."
"iPhone 4s","Black","iphone-4s-black-front.webp","iphone-4s-black-back.webp","iphone-4s-black-side.webp","","","","pending","Preferred WebP, square 1000x1000 or 1200x1200, centered product, transparent or very light background."
"iPhone 4s","White","iphone-4s-white-front.webp","iphone-4s-white-back.webp","iphone-4s-white-side.webp","","","","pending","Preferred WebP, square 1000x1000 or 1200x1200, centered product, transparent or very light background."
"iPhone 4","Black","iphone-4-black-front.webp","iphone-4-black-back.webp","iphone-4-black-side.webp","","","","pending","Preferred WebP, square 1000x1000 or 1200x1200, centered product, transparent or very light background."
"iPhone 4","White","iphone-4-white-front.webp","iphone-4-white-back.webp","iphone-4-white-side.webp","","","","pending","Preferred WebP, square 1000x1000 or 1200x1200, centered product, transparent or very light background."
"iPhone 3GS","Black","iphone-3gs-black-front.webp","iphone-3gs-black-back.webp","iphone-3gs-black-side.webp","","","","pending","Preferred WebP, square 1000x1000 or 1200x1200, centered product, transparent or very light background."
"iPhone 3GS","White","iphone-3gs-white-front.webp","iphone-3gs-white-back.webp","iphone-3gs-white-side.webp","","","","pending","Preferred WebP, square 1000x1000 or 1200x1200, centered product, transparent or very light background."
"iPhone 3G","Black","iphone-3g-black-front.webp","iphone-3g-black-back.webp","iphone-3g-black-side.webp","","","","pending","Preferred WebP, square 1000x1000 or 1200x1200, centered product, transparent or very light background."
"iPhone 3G","White","iphone-3g-white-front.webp","iphone-3g-white-back.webp","iphone-3g-white-side.webp","","","","pending","Preferred WebP, square 1000x1000 or 1200x1200, centered product, transparent or very light background."
"iPhone","Silver","iphone-silver-front.webp","iphone-silver-back.webp","iphone-silver-side.webp","","","","pending","Preferred WebP, square 1000x1000 or 1200x1200, centered product, transparent or very light background."